"order_name","order_price","order_product","order_no","order_time","_id","_uri"
"吴老板",3500,"测试菜品1,测试菜品3","1111111111111111111111111111111","Mon Apr 09 2018 13:53:44 GMT+0800 (CST)",1,"/orders/1"
"吴老板",3600,"test","122222","Mon Apr 09 2018 13:53:44 GMT+0800 (CST)",2,"/orders/2"
"吴老板",4777,"A","1222220","Mon Apr 09 2018 13:53:44 GMT+0800 (CST)",3,"/orders/3"
"吴琴",490000,"1","1111111111111111111111111111111","Mon Apr 09 2018 13:53:44 GMT+0800 (CST)",4,"/orders/4"
"吴琴",1100,"1","1111111111111111111111111111111","Mon Apr 09 2018 13:53:44 GMT+0800 (CST)",6,"/orders/6"
"测试",18000,"3","1234567890123456789012345678901","Mon Apr 09 2018 13:53:44 GMT+0800 (CST)",7,"/orders/7"
"吴琴",1100,"1","123","Mon Apr 09 2018 13:53:44 GMT+0800 (CST)",8,"/orders/8"
"吴琴",15000,"1","123","Mon Apr 09 2018 13:53:44 GMT+0800 (CST)",9,"/orders/9"
"吴琴",19000,"2","0","Mon Apr 09 2018 13:53:44 GMT+0800 (CST)",10,"/orders/10"
"周卿",500,"5","0","Mon Apr 09 2018 13:53:44 GMT+0800 (CST)",11,"/orders/11"
"吴琴",6612,"6","0","Mon Apr 09 2018 13:53:44 GMT+0800 (CST)",12,"/orders/12"
"wq",19000,"2","0","Thu Apr 12 2018 00:00:00 GMT+0800 (CST)",13,"/orders/13"
"吴琴",15000,"1","0","Fri Apr 13 2018 00:00:00 GMT+0800 (CST)",14,"/orders/14"
"吴琴",19000,"2","0","Fri Apr 13 2018 00:00:00 GMT+0800 (CST)",15,"/orders/15"
"吴琴",19000,"2","0","Fri Apr 13 2018 00:00:00 GMT+0800 (CST)",16,"/orders/16"