"_id","order_name","order_price","order_product","order_remark","order_time"
1,"吴老板","35.00","测试菜品1,测试菜品3",,"2018-04-09"
2,"吴老板","36.00","test",,"2018-04-09"
3,"吴老板","47.77","A",,"2018-04-09"
4,"吴琴","4900.00","1",,"2018-04-09"
6,"吴琴","11.00","1",,"2018-04-09"
7,"测试","180.00","3",,"2018-04-09"
8,"吴琴","11.00","1",,"2018-04-09"
9,"吴琴","150.00","1",,"2018-04-09"
10,"吴琴","190.00","2",,"2018-04-09"
11,"周卿","5.00","5",,"2018-04-09"
12,"吴琴","66.12","6",,"2018-04-09"
13,"wq","190.00","2",,"2018-04-12"
14,"吴琴","150.00","1",,"2018-04-13"
15,"吴琴","190.00","2",,"2018-04-13"
16,"吴琴","190.00","2",,"2018-04-13"
17,"无情","190.00","2",,"2018-04-14"
18,"雕叔","190.00","2",,"2018-04-14"
19,"商家图片不显示","150.00","1",,"2018-04-14"
20,"真贵","1200.00","五杯鸡",,"2018-04-15"
21,"周卿","150.00","1",,"2018-04-15"
22,"吴琴","29.00","测试菜品1",,"2018-04-15"
23,"蓝妹妹","150.00","1",,"2018-04-15"
24,"呵呵","1200.00","五杯鸡",,"2018-04-15"
25,"吴琴","5.00","5",,"2018-04-15"
26,"吴琴","150.00","1","吴琴","2018-04-16"
27,"吴琴","150.00","1","吴琴","2018-04-16"