"order_name","order_price","order_product","order_time","_id"
"吴老板","35.00","测试菜品1,测试菜品3","2018-04-09",1
"吴老板","36.00","test","2018-04-09",2
"吴老板","47.77","A","2018-04-09",3
"吴琴","4900.00","1","2018-04-09",4
"吴琴","11.00","1","2018-04-09",6
"测试","180.00","3","2018-04-09",7
"吴琴","11.00","1","2018-04-09",8
"吴琴","150.00","1","2018-04-09",9
"吴琴","190.00","2","2018-04-09",10
"周卿","5.00","5","2018-04-09",11
"吴琴","66.12","6","2018-04-09",12
"wq","190.00","2","2018-04-12",13
"吴琴","150.00","1","2018-04-13",14
"吴琴","190.00","2","2018-04-13",15
"吴琴","190.00","2","2018-04-13",16